author_name,total_books,total_sales,average_rating
"
Christian Stang",1,0,0.0
   Nguyễn Đức Tấn,14,26,0.6785714285714286
"   Nguyễn Đức Tấn,  Tô Thị Yến ",2,8,2.5
  Hương Giang ,1,1,0.0
 André Gide,1,8,0.0
 Brian Tracy,3,1,0.0
" Brian Tracy, Ashlee Vance",1,0,0.0
" Camilo Cruz, David McRaney",1,0,0.0
 Chris Zook,1,34,0.0
" Chris Zook, Phan Văn Trường",1,4,0.0
 Clive Gifford,1,0,0.0
 DK,3,4,0.0
 Dan Ariely,1,1,0.0
" Dan Ariely, Thomas L. Friedman",1,0,0.0
 Daniel Goleman,1,1,0.0
 David Dorsey,1,0,0.0
 David J Lieberman,1,1,0.0
 Di Li,1,0,0.0
 Edward de Bono,1,2,0.0
 Frederic Laloux,2,0,0.0
 Hans Christian Andersen,2,0,0.0
 Hector Malot,2,56,2.5
 Hoàng Thái Dương,1,2,5.0
 Hồ Anh Thái,1,0,0.0
 Inamori Kazuo,3,4,0.0
" Jeremy Gutsche,  Kevin Kelly",1,0,0.0
 Joe Vitale,1,0,0.0
 John C. Maxwell,1,0,0.0
" John Rothchild, Peter Lynch,  Chris Zook",1,1,0.0
 Jules Verne ,2,9,2.5
 Keith Cameron Smith,3,0,0.0
 Larry Winget,1,0,0.0
 Lê Phương Liên,4,3,1.0
" Lê Phương Liên, Nguyễn Yến Oanh",1,104,5.0
 Lê Thị Nguyên,1,0,0.0
" Lê Văn Năm,  Nguyễn Quốc Khánh, Trịnh Văn Bằng",1,0,0.0
 Lý Thượng Long,2,0,0.0
 Mark Twain,1,9,5.0
" Minh Anh, Trang Anh",1,0,0.0
 Minh Trang,1,0,0.0
" Minh Trang, Trang Anh",1,0,0.0
 NGƯT Phạm Đình Thực,4,13,0.0
 Nam Cao,2,3,0.0
 Nathalie Choux,1,0,0.0
 Nguyên Hương,5,58,1.8
 Nguyên Hồng,2,0,0.0
 Nguyễn Công Hoan,1,0,0.0
 Nguyễn Hoàng Thanh Ly,3,51,1.6666666666666667
" Nguyễn Hoàng Thanh Ly,  Minh Luận",1,43,5.0
" Nguyễn Hoàng Thanh Ly,  Nguyễn Văn Hai",4,111,3.75
" Nguyễn Ngọc Hà, TS. Thái Thành Vinh, TS. Nguyễn Kim Sa, Tạ Đức Hiền, Phạm Ngọc Thắm",1,1,0.0
 Nguyễn Phúc An,2,6,0.0
" Nguyễn Quốc Khánh, Kiều Bắc, Nguyễn Thị Hoa",3,146,1.6666666666666667
 Nguyễn Văn Tiến,2,2,0.0
 Nguyễn Đức Tấn,1,17,5.0
 Nhiều tác giả,3,0,0.0
 Phạm Hổ,1,0,0.0
 Robbie Kellman Baxter,1,0,0.0
" Robert T. Kiyosaki, Chì",1,1,0.0
 Robin Sharma,1,6,5.0
 Rosie Nguyễn,1,0,0.0
" Sasaki Fumio,  Vãn Tình",1,49,5.0
" Steve Harvey, Rhee Dongwoo",1,0,0.0
 TS. NGuyễn Quang Trường (chủ biên),1,0,0.0
 ThS Quách Văn Long,1,1,5.0
 Thanh Hương,2,3,0.0
 Thomas Armstrong,2,0,0.0
" Ths Lê Thị Nguyên, Trần Đức Niềm",1,34,4.8
 Thích Nhất Hạnh,4,120,2.4
 Thụy Anh,1,0,0.0
" Tony Buzan, Dr Spencer Johnson",1,0,0.0
 Tony Ross,1,0,0.0
 Trần Thị Kim Cương,10,40,0.95
 Trần Văn Chánh,2,3,0.0
 Trần Đức Niềm,1,0,0.0
 Tsubota Satoru,1,4,0.0
 Vãn Tình,1,45,4.8
 Vũ Hữu Bình,1,12,0.0
 Vũ Thị Thanh Tâm,1,0,0.0
" William J. O’Neil, Jack. D. Schwager",1,0,0.0
 Đào Thị Hoàng Ly,1,1,0.0
.,227,4526,1.5308370044052864
0,1,14,0.0
1980Edu,2,78,5.0
A.A. Milne,1,0,0.0
A.A.Milne,3,0,0.0
"ADam Khoo, Richard Koch",1,1,0.0
Abel Chong,1,0,0.0
"Abhijit V. Banerjee, Esther Duflo",1,236,5.0
Abigail Baird,1,190,4.6
Acccototo,1,2477,5.0
"Adam Kay, Henry Paker",1,316,5.0
Adrian Tchaikovsky,1,67,5.0
Akio Morisawa,1,1,0.0
Alan C. Fox,1,0,0.0
Albert Einstein,1,27,4.8
Alex Frith,1,87,5.0
"Alex Frith, Alice James, Jerome Martin, Federico Mariani, Shaw Nielsen",1,91,5.0
"Alex Frith, Shaw Nielsen, Jerome Martin , Alice James, Federico Mariani",1,94,4.8
Alex Genadinik,2,63,2.5
"Alex Osterwalder, Yves Pigneur,  Alan Smith, Fred Etiemble, Greg Bernarda, Tim Clark, Yves P",1,0,0.0
Alex Woolf,1,8,0.0
Alexander Dumas,1,1,0.0
Alexander Osterwalder - Yves P,1,18,0.0
"Alexander Osterwalder,  Tim Clark,  Bruce Hazen,  Yves Pigneur,  Fred Etiemble,  Alan Smith",1,1,0.0
"Alexander Osterwalder, Dr. Rusly Abdullah PHD",1,0,0.0
"Alexander Osterwalder, Yves P",2,56,2.5
"Alexander Osterwalder, Yves Pigneur",2,107,2.5
"Alexander Osterwalder, `",1,1,0.0
Alexandre Dumas,2,8,2.5
Algernon Blackwood,1,0,0.0
Alice Muir,5,7,0.0
"Alice Pantermuller, Daniela Kohl",4,24,1.25
"Alida Massari, Mairi Mackinnon",1,68,5.0
Alison Kelly,1,0,0.0
Amanda McLaughlin,2,6,2.5
Amir Hagazi,5,131,0.86
"Amit Offir,  Eyal Nir",1,12,5.0
An Băng,1,4,0.0
"An Băng, Nonchan",1,7,5.0
Anastasiya Galkina,1,0,0.0
"Andrea Hirata, Anthony Robbins",1,6,0.0
"Andrew Cave, John O’Brien",4,0,0.0
Andrew Matthews,1,100,4.8
Anindya Ghose,2,117,2.25
Anna Barnes,2,15,0.0
Anne,1,0,0.0
Anne Rooney,1,2,0.0
Anthony B. Chan,3,2120,1.5666666666666667
"Anthony Robbins,  Brian Tracy",1,0,0.0
"Anthony Robbins, Trác Nhã, Joseph Murphyc, Carol S. Dweck",1,14,0.0
"Anthony Stevens, Louis Strauss",1,0,0.0
Antoine De Saint Exupery,1,1,0.0
Antoine De Saint-Exupéry,4,28660,3.675
"Antoine De Saint-Exupéry, Frances Hodgson Burnett",1,2,0.0
Antoine Galland,5,806,0.96
Antonio E.Weiss,2,0,0.0
"Ardrew Sobel, Jerold Panas",1,0,0.0
"Arfeen Khan, Đổng Quyền",1,0,0.0
"Arimoto Hidefumi, Koshimizu Kaori",1,1,0.0
Arun Sundararajan,1,0,0.0
Asako Takiwa,1,0,0.0
Ashley Hall,1,6,0.0
Astrid Lindgren,1,1871,5.0
"Astrid Lindgren, Ingrid Vang Nyman",1,0,0.0
Audrey Bouquet,1,18,0.0
Ayn Rand,1,57,5.0
B R O group,1,0,0.0
"B.Joseph Pine II, James H.Gilmore",1,0,0.0
"BURNETT, FRANCES HODGSON",1,2,0.0
Baek MyoungSik,4,40,2.0
Ban Tổ Chức Kỳ Thi,1,1,0.0
Barbara Constantine,1,380,4.6
Barbara Markway,1,1,0.0
Beatrix Potter,1,0,0.0
"Beijing Little Red Flower Studio, Little Rainbow",1,0,0.0
Ben S. Bernanke,1,0,0.0
Beth Gunnel,1,1,2.0
Bill Aulet,1,5,0.0
Bill Green,2,12,2.0
Bill Schmarzo,1,20,5.0
Biên Thùy,1,44,5.0
Blair Singer,8,382,1.875
Bob Kulhan,2,0,0.0
Brad Stone,2,2,0.0
Brian Dumaine,1,19,5.0
Brian Finch,5,24,0.7
"Brian Merchant, Tony Hsieh",1,0,0.0
Brian Tracy,5,186,2.0
Brit Bennett,1,1,0.0
Brothers Grimm,1,1,0.0
Bruce Betts,1,5,0.0
"Burton G. Malkiel, Michael Lewis",1,0,0.0
Bác Sĩ Đỗ Hồng Ngọc,1,28,4.6
Bùi Minh Quốc,3,2,1.6666666666666667
Bùi Như Quỳnh,12,38,1.6666666666666667
Bùi Phương Tâm,1,1,0.0
Bùi Sơn Định,1,0,0.0
Bùi Thị Ngọc Thu,1,2,0.0
Bùi Văn Tuyên,1,20,0.0
Bùi Xuân,1,0,0.0
Bùi Đức Tịnh,2,9,2.5
Cao Cự Giác,2,0,0.0
Cao Văn Quyền,1,100,5.0
Cao Đức,1,0,0.0
Cara Holland,2,0,0.0
Carol S. Dweck,3,844,1.4333333333333333
Carol S.Dweck,1,237,4.8
Caroline Criado Perez,1,0,0.0
"Carrie Weston, Tim Warnes",1,0,0.0
Catherine Veitch,1,0,0.0
"Catmint Books, Sheth Publishing House",1,13,0.0
Cecilia Minden,1,14,5.0
Charles Dickens,1,24,5.0
Charlotte Bronte,2,99,4.9
"Cherie Zamazing, Jayneen Sanders",1,0,0.0
"Chin-Ning Chu, Jessica Honegger",1,59,4.0
Chingiz Aitmatov,2,18,0.0
Chris Bradley,1,0,0.0
Chris Ferrie,4,282,4.575
Chris Guillebeau,1,0,0.0
Chris Hadfield,1,54,0.0
Chris Thomason,4,1,0.0
Chris Zook,2,6,0.0
"Christopher McDougall, Benjamin Hardy",1,0,0.0
Chu Thành Long,1,0,0.0
Chu Tích Băng,1,0,0.0
"ChungBe Studios,  Lee Sukja",1,184,4.8
"ChungBe Studios, Park Yeonah",1,2522,5.0
Chính An,3,0,0.0
Cindy Alvarez,1,16,4.3
Cindy Blobaum,1,0,0.0
Cindy Wigglesworth,2,29,5.0
Clint Emerson,1,2725,4.8
"Cloud Pillow Studio, CHUM",1,13,0.0
Colin Towell,1,95,5.0
Colleen Stanley,1,6,0.0
Corey R. Tabor,8,126,2.3375
Corneille,1,8,5.0
Cố Mạn,1,9,5.0
DK,3,325,3.1999999999999997
"DK, Ian Ridpath",1,54,5.0
Dale Carnegie,2,3,0.0
"Dale Carnegie,  Rosie Nguyễn,  Paulo Coelho",2,15,2.5
"Dale Carnegie,  Rosie Nguyễn, David J. Lieberman,  Paulo Coelho",1,0,0.0
"Dale Carnegie, TS. David J. Lieberman, Rosie Nguyễn, Paulo Coelho",1,1037,5.0
Dan Brown,1,1,0.0
"Dan Senor, Saul Singer",2,1105,2.4
"Dan Senor, Saul Singer ",1,0,0.0
Daniel Cohen,2,7,0.0
"Daniel Kahneman,  Dan Ariely",1,0,0.0
"Daniel Kahneman, Daniel H. Pink",1,0,0.0
Daniel Postgate,1,0,0.0
Daniel Rechtschaffen,1,0,0.0
David Burkus,1,1,0.0
David Dorsey,1,0,0.0
David Graeber,1,0,0.0
David McKee,3,9,0.0
"David Meerman Scott, Reiko Scott",1,0,0.0
David R. Hawkins,1,0,0.0
David Shanley,1,24,5.0
David Walliams,2,8,0.0
"David Walliams, Tony Ross",1,650,5.0
Deborah Install,1,0,0.0
Derek Lidow,2,0,0.0
Diane Coyle,1,10,5.0
Dianne Lowther,1,23,5.0
Diệp Lạc Vô Tâm,1,18,4.5
"Do, Ki-sung",1,12,0.0
Dolphin Press,1,48,5.0
"Don Richard Riso,  Dan Ariely",1,0,0.0
"Don Richard Riso, Russ Hudson, Gustave Le Bon",1,0,0.0
Donal Trump,1,0,0.0
"Donal Trump, Philip A. Fisher",1,0,0.0
Donald J. Trump,2,276,1.9
"Donald J. Trump , Meredith Mclver ",1,0,0.0
"Donald J.Trump & Robert T.Kiyosaki, Tony Buổi Sáng",1,0,0.0
Donald Marron,1,0,0.0
Donald Miller,6,19,0.0
Donald Trump,1,340,4.8
"Dongdongya, Cui Shanshan",1,0,0.0
Dorling Kindersley Limited,4,273,5.0
Douglas Stuart,1,1,0.0
Doãn Húc Thăng,1,3,0.0
"Dr. James R. Doty, Amy Webb",1,1,0.0
Dr. Rusly Abdullah PHD,1,1,0.0
Dr. Ryan Martin,1,0,0.0
"Duncan Bannatyne, Stewart D. Friedman",1,2,0.0
Dung Lợi,2,0,0.0
Duy Khán,3,132,3.266666666666667
Dương Hoàng Giang,1,1,0.0
"Dương Hương, Lâm Mỹ An",1,37,5.0
Dương Kiều Oanh,1,18,0.0
"Dương Linh, Hồ Thu Hương",1,0,0.0
Dương Lập Bằng,8,197,2.425
E.B.White,1,0,0.0
Eckhart Tolle,7,58,1.157142857142857
Edith Nesbit,3,658,3.233333333333333
Edmondo De Amicis,1,47,4.8
Edward Hemingway,2,32,2.5
Eiichiro Oda,1,0,0.0
"Eiichiro Oda, Nhiều người",1,2,0.0
Ellen M. Bard,1,0,0.0
Ellen Raskin,1,1,0.0
Ellen Robena Field,1,10,5.0
Emile Zola,2,4,0.0
"Emily Alison, Laurence Alison",1,0,0.0
Emma Dodd,1,0,0.0
Eran Katz,4,0,0.0
Ernest Hemingway,1,0,0.0
Evelyn Waugh,2,0,0.0
Ewen Chia,1,0,0.0
F. Scott Firzgerald,1,0,5.0
Felicity Brooks - Rosalinde Bonnet,1,0,0.0
First News,1,0,0.0
First News Tổng Hợp,8,260,2.4125
Florence Sakade,1,0,0.0
Frances Hodgson Burnett,1,0,0.0
Frank Herbert,2,1,0.0
Fuku Mitsu,5,5758,3.0
Fyodor Dostoevsky,1,57,4.8
"GS TS Lê Phương Nga, Nguyễn Thùy Dung",1,2,5.0
"GS TS Lê Phương Nga, Nguyễn Thị Trang",1,19,0.0
"GS. TS. Lê Phương Nga, Nguyễn Thùy Dung",1,1,0.0
GS.TS. Trương Quốc Bình,1,2,0.0
Gael Faye,1,1,0.0
Gakken,10,29,0.0
Gehenna,4,8,1.2
George Lakey,2,9,2.5
"George Selden, William J. O’Neil",1,3,0.0
Gill Harvey,1,0,0.0
Gino Wickman,1,0,0.0
"Giáo Sư - Bác Sĩ: Hiromi Shinya, Phạm Văn Nhân",1,0,0.0
Go Hey Jin,1,12,5.0
Gomi Taro,1,93,5.0
Goscinny & Sempé,1,277,5.0
Greg Dinkin,1,0,0.0
Greg McKeown,1,1,0.0
Guy Field,1,7,0.0
"Guy Field, Nia Gould",1,7,0.0
H. A. Rey,1,0,0.0
Ha-Joon Chang,1,76,4.5
Hal Elrod,1,0,0.0
Hans Augusto Rey,1,30,0.0
Harper Lee,1,2,0.0
Haruki Murakami,2,1,0.0
"Haruki Murakami, Kazumi Yumoto",1,1,0.0
Harvard Business Review,2,161,5.0
Hayashi Fumiko,1,55,5.0
Henryk Sienkiewicz,2,608,4.8
Hidenobu Senga,2,1,0.0
Hideo Okubo,4,60,2.5
Hilary Statum,1,17,5.0
"Hiraki Kazuo, Ichihara Jun, RoRon",1,4407,5.0
Hiroko Kodama - Tomohiro Okubo,1,458,4.8
Hironori Furukawa,1,0,0.0
Hiroshi Ogiwara,1,0,0.0
Hiroshi Rinno,2,391,4.75
Hiểu Hi,2,3,0.0
Hiểu Tuyết,1,0,0.0
Honda Masakatsu,1,0,0.0
Honda Naoyuki,1,19,5.0
Horst Schulze,1,2,0.0
"Howard Marks, Dr. James R. Doty",1,0,0.0
Howard Yu,2,6,0.0
Hoàng Hải Nguyễn,1,0,0.0
Hoàng Hải Vân,7,22,0.0
Hoàng Minh Diễn,10,126,1.5
Hoàng Minh Tường,2,0,0.0
Hoàng Thái Dương,2,8,2.25
Hoàng Văn Tuấn,1,20,4.5
Hoàng Xuân Nhàn,9,62,1.1111111111111112
"Hoàng Xuân Nhàn, Phạm Văn Bình",2,4,2.5
Hoàng Đăng Khoa,1,2,0.0
Huy Cận,2,46,2.5
Huy Nam,1,0,0.0
Huy Tiến,1,17,4.0
Huỳnh Ngọc Trảng,1,7,5.0
Huỳnh Ngọc Trảng Phạm Thiếu Hương biên soạn,2,22,2.4
Huỳnh Như Phương,1,0,0.0
Huỳnh Toàn,2,19,0.0
"Huỳnh Văn Mỹ, Thanh Thảo",1,5,0.0
Huỳnh Văn Út,1,0,0.0
Hwang Sun Mi,1,3,0.0
Hyungseok Kim,1,0,0.0
Hà Minh,2,150,4.75
Hà Thụy Tú Uyên,1,0,0.0
Hà Thủy Nguyên,1,1,0.0
Hà Văn Chương,1,11,0.0
Hàn Dương,1,0,0.0
Hàn Ni,1,49,4.8
"Hâu Nâu, Thanh Thảo",1,16,0.0
Hương Hương (Biên soạn),1,0,0.0
Hương Thảo,1,37,5.0
"Hạo Nhiên , Nguyễn Hào ",1,49,5.0
Hải Yến,1,23,0.0
Hồ Dzếnh,1,16,5.0
"Hồ Quốc Cường, Võ Thị Mai Chi",1,157,5.0
"Hồ Viết Thống, Nguyễn Hoàng Vũ, Tống Đức Huy",1,0,0.0
Hồng Giang,1,0,0.0
"Hội đọc sách Từ Hoài, Mộ Dung Tố Y",1,9,0.0
Hội đồng Lý luận Trung ương,1,0,0.0
Hợp kim,3,4,1.3333333333333333
Hữu Thỉnh,1,13,3.0
"Ian I. Mitroff, Charles P. Kindleberger",1,0,0.0
Ida Chiaki,1,0,0.0
Inamori Kazuo,3,106,1.5999999999999999
Instant Research Institude,1,76,5.0
Italo Calvino,3,0,0.0
Ivanka Trump,4,0,0.0
J. D. Salinger,2,0,0.0
J. Krishnamurti,1,14,5.0
J. M. Barrie,1,0,0.0
J.K. Rowling,1,198,4.6
J.K.Rowling,1,574,4.8
Ja-hong Min,2,156,2.5
"Jacqueline East, Sue Lloyd",1,0,0.0
"Jae Hoon Choi, Zookiz, Myeong Seon Lee",1,6,0.0
Jaideep Prabhu,1,0,0.0
Jake Knapp,1,8,0.0
James Rickards,3,0,0.0
James W. Mclamore,6,1,0.0
"Jane Nelsen, Lynn Lott",1,9,5.0
Jason Jennings,1,5,5.0
Jason Schenker,3,5,0.0
Jayneen Sanders,1,41,5.0
"Jayneen Sanders, Cherie Zamazing",3,0,0.0
"Jayneen Sanders, Paula J. Becker",1,0,0.0
"Jayneen Sanders, Sarah Jennings",1,0,0.0
"Jayneen Sanders, Vivian Mineker",1,21,5.0
Jeanne Willis,1,0,0.0
"Jeff Gee, Val Gee",1,13,0.0
Jeff Kinney,2,113,4.55
Jeffrey Gitomer,4,4,1.0
Jeffry Gitomer,1,4,5.0
Jennifer Buchanan,3,675,1.5666666666666667
"Jennifer Moore - Mallinos, Gustavo Mazali",1,173,5.0
"Jennifer Riel, Roger L. Martin",1,62,4.6
Jeong-ho Kim,1,128,5.0
Jeremy Gutsche,1,0,0.0
"Jeremy Gutsche, Kevin Kelly",1,0,0.0
"Jeremy Heimans, Henry Timms",1,0,0.0
Jeremy Kourdi,4,460,1.175
Jessica Honegger,1,0,0.0
Ji-yoo Kim,1,18,5.0
Jim Collins - Jerry I.Porras,1,0,5.0
Jim Kalbach,2,0,0.0
Jim Rohn,1,0,0.0
"Jim Rohn,  Thích Nhất Hạnh",1,0,0.0
Jimmy Soni,1,0,0.0
Jocelyn K.Glei,1,5,5.0
"Joe Studwell, Akio Morita, Kevin Kwan",1,2,0.0
Johanna Spyri,5,512,2.0
John Blakey,2,0,0.0
"John C Maxwell, Carol S. Dweck",1,7,5.0
"John C. Maxwell, Lorin Woolfe",1,0,0.0
John C.Maxwell,1,0,0.0
John Doerr,2,47,2.5
"John Gray, Timothy Ferriss",1,1,0.0
"John Mason, Masaru Emoto",1,0,0.0
John McAdam,1,0,0.0
John Mullins,1,1,0.0
John Ng - Alvin Foo,1,0,0.0
John Rossman,1,7,5.0
"John Rossman, Alex Trần, Tony Trieu",1,9,1.0
"John Seymour, Joseph O'Connor",1,0,0.0
John Warrillow,2,376,2.5
"John Warrillow, John Warrillow",1,2,0.0
"John Warrillow, Seth Godin",1,1,0.0
Jolly Kids,1,0,0.0
"Jonathan Melmoth, Jerome Martin, Minna Lacey, Alex Frith",1,71,4.6
Jonathan P. Allen,4,4,0.0
Jonathan Sheikh Miller,1,40,5.0
Jordan Ellenberg,2,35,2.25
"Joseph Murphyc, Anthony Robbins",1,0,0.0
"Joseph Murphyc, David J. Schwartz. Ph.D",1,1,4.0
"Joseph Murphyc, TS. David J. Lieberman,  Sasaki Fumio",1,2,5.0
"Joseph Murphyc, TS. David J. Lieberman, Trác Nhã,  Sasaki Fumio",1,0,0.0
Joseph O'Connor,1,1,0.0
"Joshua Gans, Philip Kolter",1,0,0.0
"Joshua Pollock, Kamlesh D. Patel",1,0,0.0
Judith Orloff,1,11,0.0
"Julia Donaldson, Axel Scheffler",1,2,0.0
"Julia Donaldson, Rebecca Cobb",1,9,0.0
Julie Falatko,1,0,0.0
Jun Phạm (365 Band),1,2385,5.0
Kairen Cullen,1,63,0.0
"Kangaroo Mother, Hoàng Nhữ Khiết",1,103,0.0
Karen Haller,1,60,4.8
Karine Marie Amiot,1,47,5.0
"Kate DiCamillo, Kenneth Grahame",1,0,0.0
Kawabata Yasunari,1,260,5.0
"Kawabata Yasunari, Yasunari Kawabata",1,0,0.0
"Kazuko Asou, Mako Taruishi, Rokudai Tanaka, Naoko Hori, Takadono Hoko, Hirasawa Tomoko, Kyoko Hara, Kazue Takahashi",1,2,0.0
"Kazuo Inamori, Inamori Kazuo,  Inamori Kazuo",1,2,0.0
Kazuyoshi Hisano,1,0,0.0
"Kazuyoshi Hisano, Scott Gerber, Ryan Paugh",1,0,0.0
"Kelly Conroy, Abigail Hookham, Perry Emerson, Sean Julian, Ben Sanders, Suzy Senior, Eleonora De Pieri, Maudie Powell-Tuck , Duncan Beedie",1,117,5.0
"Ken Watanabe, Lothar J. Seiwert",1,22,5.0
Kenichi Ohmae,2,82,2.4
"Kenichi Ohmae, Nassim Nicholas Taleb",1,0,0.0
Kenneth Grahame,1,0,0.0
Kenvin Paul,1,0,0.0
Kevin G. Harney,1,1,0.0
"Kevin Harrington, Mark Timm",3,52,1.6666666666666667
Kevin Hogan,4,13,1.25
"Kevin Kang, Mr. Iwi",1,9,0.0
"Khailed Hosseini, Thomas Harris",1,0,0.0
"Khenpo Sodargye, Richard Nicholls",1,1,0.0
Khiết Phong,1,5,0.0
Khái Hưng,3,59,1.6666666666666667
Khánh Ca,7,1,0.0
Khánh Chi,1,13,0.0
Khánh Sơn,1,6,5.0
"Khánh Vân, Phạm Lê Thu Trang",1,8,0.0
Khương Nguy,2,0,0.0
Khải Hùng,1,1,0.0
Khải Hưng,5,5,1.0
Kim Ngân,2,111,2.4
"Kim Seung-Min, Choi Byeong-Guk",1,216,4.8
Kim Thủy,2,75,2.5
"Kim Wonsik, ChungBe Studios",1,353,5.0
Kim Yun Na,1,0,0.0
Kiều Bắc,6,61,0.7999999999999999
"Kiều Bắc,  Nguyễn Quốc Khánh",2,16,2.5
"Kiều Bắc,  Nguyễn Quốc Khánh, Bs Nguyễn Thị Hoa",1,2,0.0
"Kiều Bắc, Nguyễn Thị Hoa,  Nguyễn Quốc Khánh",3,70,1.6666666666666667
"Kiều Bắc, Nguyễn Thị Hoa, Nguyễn Quốc Khánh",1,18,5.0
Koji Mitani,1,0,0.0
Kotatsu Saito,1,0,0.0
Kristin Roskifte,1,0,0.0
Kuroyanagi Tetsuko,1,342,5.0
Kurt W. Mortensen,1,0,0.0
Kyle M.K.,3,1,0.0
L Frank Baum,1,3,5.0
La Fontaine,1,27,3.5
Lan Bercu,5,6,0.0
Lan Phương,1,0,0.0
"Larry Gonick, Arthuffman",1,410,4.8
"Laura Owen, Korky Paul",1,0,0.0
Leonard L. Berry,2,26,2.5
Leonard L.berry,1,119,4.5
Leonardo da Vinci,3,6,0.0
"Levi Brackman, Sam Jaffe",1,17,5.0
Lewis Carroll,2,116,2.5
"Libby Walden, Jessica Greenwell",1,3,0.0
Linda Yueh,2,131,2.5
"Linh Chi, Quỳnh Rùa",1,0,0.0
Liu Yong,1,0,0.0
"Liu Yuchen, Xia Fan",5,1,0.0
Liêu Trí Phong,1,5,0.0
"Liêu Trí Phong, Vĩ Nhân",1,15,5.0
Lorin Woolfe,1,0,0.0
"Lothar J. Seiwert, Stephen R. Covey",1,9,4.5
Louisa May Alcott,1,1,0.0
"Luc Foccroulle, Annick Masson",1,372,4.8
Lucha Sotomayor,1,0,0.0
Lucy Maud Montgomery,1,691,5.0
"Luis Prats, Zuzanna Celej",1,344,5.0
Luis Sepulveda,3,2012,5.0
Lulu Mayo,1,0,0.0
Lâm Bình Bảo,1,105,5.0
Lâm Địch Nhi,1,1,0.0
"Lâu Vũ Tình, Phỉ Ngã Tư Tồn",1,8,5.0
Lê Anh Vinh,1,0,0.0
Lê Bảo Ngọc,1,243,5.0
Lê Dương Thể Hạnh,1,0,0.0
Lê Huy Khoa Kanata,1,0,0.0
Lê Minh Hà,1,1,5.0
Lê Minh Khuê,2,8,2.5
Lê Phương Liên,2,26,1.5
Lê Quang,13,161,3.3615384615384616
Lê Sinh Hùng,1,0,0.0
Lê Thị Nguyên,1,0,0.0
"Lê Thị Nguyên,  Trần Đức Niềm",1,1,0.0
Lê Thị Nương,8,1,0.0
Lê Toán,1,2,0.0
"Lê Tuệ Minh, Lê Thu Ngọc",1,77,4.8
Lê Văn Nam,1,12,0.0
Lê Văn Trương,1,0,0.0
Lê Vũ Việt Anh,1,0,0.0
Lê Xuân Soan,2,1,0.0
Lê Đức Dương,2,0,0.0
Lý Chí Nông,1,8,0.0
Lý Dương Lâm,1,0,0.0
Lý Kế Dũng,1,5,0.0
Lý Lan,7,528,2.857142857142857
Lý Quí Trung,6,37,0.8333333333333334
Lưu Chung Minh,1,0,0.0
Lưu Hạc,1,22,0.0
Lưu Kính Dư,1,0,0.0
Lưu Trọng Văn,1,57,5.0
"Lạc Phàm, Lưu Già Tịch",1,55,5.0
Lỗ Tấn,1,50,4.6
MBA. Nguyễn Văn Dung,1,8,0.0
Ma Văn Kháng,13,130,0.38461538461538464
Magda Garguláková,1,0,0.0
Mai Bình,2,2,0.0
"Mai Hương , Ngọc Tâm",1,24,5.0
"Mai Hương,  Ngọc Tâm",1,87,5.0
"Mai Hương, Ngọc Tâm",1,219,4.8
Makiko Toyofuku,1,0,0.0
Malcolm Gladwell,1,0,0.0
Many Authors,4,0,0.0
Marc Lesser,1,0,0.0
Margaret Mitchell,1,0,0.0
"Mari Tamagawa, Seiei Muto ",1,31,4.3
"Mari Tamagawa, Ở Đây Zui Nè, Hoàng Hải Nguyễn",1,34,4.8
"Marie Tibi, Soufie Regani",1,6,0.0
Mario McGovern,2,0,0.0
Mario Vargas Llosa,1,2,0.0
"Mark C. Thompson, Bonita S. Thompson,  John C. Maxwell",1,1,0.0
Mark Thornton,1,21,4.5
Mark Twain,2,8,0.0
Mark W. Johnson,1,26,4.5
Mark Yarnell,1,65,5.0
Mark van Rijmenam,2,23,2.5
MarkTwain,1,56,4.8
Martin E. P. Seligman,1,0,0.0
Masaru Emoto,1,430,4.6
Masashi Kishimoto,1,0,0.0
"Masato Tanaka, Tetsuya Saito",1,60,5.0
Matt Robertson,2,19,0.0
Matthew Willcox,2,47,2.5
"Matthias von Bornstädt, Vera Schmidt",1,38,0.0
Maz Evans,1,4,0.0
Meg Medina,1,2,0.0
Megan Devine,1,0,0.0
Meghan Vestal,1,31,0.0
Melanie Swan,1,35,4.8
"Michael Heppell, Thu Giang - Nguyễn Duy Cần",1,5,0.0
Michael J. Marquardt,1,0,0.0
"Michael K.Brett, Surman",2,2,0.0
Michael W.Sonnenfeldt,1,0,0.0
Michael Wilkinson,1,0,0.0
Michelle E. Messina,1,0,0.0
Michelle Zauner,1,0,0.0
Michiko Aoyama,1,0,0.0
"Michèle Mira Pons, Laurent Audouin, Sophie Lebot",1,0,0.0
"Mijika, Tianying",1,2252,4.8
Min Jin Lee,2,208,2.4
"Minato Kanae, Higashino Keigo",1,24,4.8
"Minh Long,  Khánh Hòa",2,0,0.0
"Minh Phượng,  Thanh Hương",1,0,0.0
Minh Tâm,1,3,0.0
Minna Lacey,1,0,0.0
Miyazawa Kenji,1,0,0.0
"Miêu Công Tử, Cảnh Thiên",1,12,5.0
"Miêu Công Tử, Vãn Tình",1,27,0.0
"Miêu Nhất Mai, Tôn Hải Phương",1,0,0.0
Molière,1,0,5.0
Morgan Housel,1,0,0.0
"Morio Shiota, Tomoko Sakura",1,0,0.0
My Nguyễn,1,0,0.0
Mã Hạo Thiên,3,32,1.6666666666666667
Mèo Maverick,1,0,0.0
"Mèo Maverick, Mark Manson",1,51,5.0
"Mèo Maverick, Tony Buổi Sáng",1,51,5.0
Mộc Cách,1,48,5.0
NGƯT Phạm Đình Thực,1,1,0.0
NXB Chính Trị Quốc Gia Sự Thật,1,3,0.0
Nadia Hashimi,1,0,0.0
Nam Cao,4,48,2.5
"Nam Thuận,  Hoàng Sơn",1,0,0.0
"Napoleon Hill, Joseph Murphyc",1,5,4.0
"Napoleon Hill, William B. Irvine",1,0,0.0
Nassim Nicholas Taleb,1,0,0.0
Natalie Marshall,1,0,0.0
Nathalie Choux,1,19,5.0
Nathan Schneider,3,0,0.0
Nevil Shute,1,14,5.0
Nghê Thế Hòa,1,2,0.0
Nguyên Hương,1,40,5.0
Nguyên Hồng,7,144,1.4285714285714286
Nguyên Phong,1,3,5.0
"Nguyên Phong, Alexandra David Neel",1,4,3.0
"Nguyên Phong, Dale Carnegie",1,3,0.0
"Nguyên Trang, Khánh Nguyên",1,65,5.0
"Nguyên Trang, Tố Ny",1,884,5.0
Nguyễn Anh Dũng,1,1,0.0
Nguyễn Bình Phương,1,46,5.0
Nguyễn Bính,1,155,5.0
Nguyễn Châu Nguyên,2,4,0.0
Nguyễn Công Hoan,5,14,1.0
Nguyễn Du,3,53,3.266666666666667
Nguyễn Duy Phương,1,1,0.0
Nguyễn Hoàng Diệu Thủy,1,0,0.0
Nguyễn Hoàng Sơn,1,3,0.0
"Nguyễn Hoàng Thanh Ly, Nguyễn Văn Hai, Nguyễn Minh Luận",1,2,0.0
Nguyễn Huy Tưởng,3,1,0.0
"Nguyễn Huy Tưởng, Phạm Rồng",1,0,0.0
"Nguyễn Hào, Minh Tuấn",1,392,4.7
"Nguyễn Hào, Tuấn Huỳnh",1,591,4.7
"Nguyễn Hạnh, Trần Thị Thanh Nguyên, Lonie Nguyen",1,0,0.0
Nguyễn Hữu Nam,1,0,0.0
Nguyễn Khuyến,1,0,0.0
Nguyễn Khắc Cường,3,54,1.6666666666666667
Nguyễn Kiên,7,105,1.4000000000000001
"Nguyễn Kiên, Thu Trang, NGART",1,0,0.0
Nguyễn Lam Điền,2,0,0.0
"Nguyễn Lam Điền, Vũ Hà Tuệ",2,78,5.0
Nguyễn Minh Châu,4,35,1.25
Nguyễn Mỹ Nữ,1,0,0.0
Nguyễn Ngọc Huân - Ngô Thái Sơn,1,1,0.0
"Nguyễn Ngọc Huân,  Ngô Thái Sơn",1,0,0.0
Nguyễn Ngọc Sơn,1,3,5.0
Nguyễn Ngọc Thuần,1,2861,5.0
"Nguyễn Như Mai, Nguyễn Hoàng Tấn",1,50,0.0
Nguyễn Nhật Ánh,4,1555,4.95
"Nguyễn Nhật Ánh, John Green		",1,3,0.0
Nguyễn Phi Vân,1,0,0.0
"Nguyễn Phi Vân,  Miêu Công Tử",1,5,0.0
"Nguyễn Phi Vân, Mễ Mông",1,5,0.0
Nguyễn Phúc Ân,1,7,5.0
Nguyễn Quang Lập,1,0,0.0
Nguyễn Quang Thiều,1,0,0.0
Nguyễn Quốc Khánh,2,1,0.0
Nguyễn Thi,1,7,0.0
Nguyễn Thi Hoàng,2,0,0.0
Nguyễn Thuần Nhiên,1,0,0.0
Nguyễn Thành Huân,1,0,0.0
"Nguyễn Thành Ngôn, Hồ Viết Thống,  Nguyễn Hoàng Vũ ",1,111,5.0
Nguyễn Thái Hải,1,1,0.0
Nguyễn Thế Kỷ,1,0,0.0
Nguyễn Thị Bích Nga,2,30,2.5
"Nguyễn Thị Hoa,  Nguyễn Quốc Khánh, Kiều Bắc",1,2,0.0
"Nguyễn Thị Hoa, Kiều Bắc,  Nguyễn Quốc Khánh",2,22,2.35
Nguyễn Thị Ngọc Tú,1,0,0.0
Nguyễn Thị Nhân,1,4,4.0
Nguyễn Thị Oanh,1,31,5.0
Nguyễn Thị Thanh Bình,1,259,4.8
"Nguyễn Thị Thanh Loan, Lê Hữu Tỉnh, Nguyễn Thị Hạnh, Ths.Nguyễn Thị Ngọc Tâm",1,4,0.0
Nguyễn Thị Thúy Hồng,1,1,0.0
Nguyễn Thị Thủy Anh,1,10,0.0
Nguyễn Toàn Anh,5,22,2.6
Nguyễn Trí Dũng,1,0,0.0
"Nguyễn Trần Thiên Lộc, Khánh Nguyên",1,964,5.0
"Nguyễn Trần Thiên Lộc, Tố Ny",1,75,5.0
Nguyễn Tài Chung,2,425,2.5
"Nguyễn Tài Chung, NGƯT ThS Lê Hoành Phò",1,35,5.0
Nguyễn Tấn Thanh Trúc,1,9,4.5
Nguyễn Văn Học,1,0,0.0
Nguyễn Văn Minh,1,10,0.0
"Nguyễn Văn Ngọc,  Trần Trọng Kim,  Đặng Đình Phúc,  Đỗ Thận",1,1,0.0
Nguyễn Văn Nho,2,7,2.25
Nguyễn Văn Nho - Lê Bảy,1,4,5.0
Nguyễn Xuân Lạc,1,6,5.0
Nguyễn Xuân Nam,8,131,2.5
Nguyễn Đức Hiệp,1,2,0.0
Nguyễn Đức Hùng,2,10,0.0
Nguyễn Đức Hùng ,1,3,0.0
Nguyễn Đức Tấn,2,3,0.0
"Nguyễn Đức Tấn,  Tạ Hồ Thị Dung",1,3,0.0
Nguyễn Đức Vũ,1,1,0.0
Ngô Khắc Tài,3,52,3.3333333333333335
Ngô Kỳ,1,26,0.0
Ngô Văn Giá,1,221,5.0
Ngọc Giao,7,0,0.0
Nhiếp Tuấn,1,0,0.0
Nhiều,12,45,0.39166666666666666
Nhiều Tác Giả,1,41,5.0
Nhiều dịch giả,2,0,0.0
Nhiều tác giả,45,1960,1.537777777777778
"Nhã Uyên, Gấu Mẹ",1,0,0.0
Nhóm tác giả,4,4,0.0
Nhất Linh,1,0,0.0
Nhật Linh,1,10,0.0
Nia Gould,1,50,0.0
Niall Kishtainy,1,102,5.0
Nicky Hayes,1,2,0.0
Nicolas Darvas,1,2,0.0
Nikolay Nosov,1,211,5.0
Noboru Koyama,1,21,0.0
Noji Tsuneyoshi,1,0,0.0
Nắng Lạnh,1,3,5.0
Ogura Hiroshi,4,199,1.25
Oh Hyun Suk,1,0,0.0
Oren Klaff,4,215,2.425
Oscar Wilde,1,0,0.0
PGS TS Cao Cự Giác,1,1,0.0
PGS TS Trần Ngọc Lan,1,7,0.0
"PGS TS Đỗ Trung Hiệu,  Đỗ Trung Kiên",1,5,0.0
PGS. TS. Cao Cự Giác,1,9,0.0
PGS. TS. Đỗ Trung Hiệu (CB) - Đỗ Trung Kiên,1,2,5.0
PGS.TS Hà Nam Khánh Giao,1,40,4.8
PGS.TS. Lê Văn Đoán,1,0,0.0
PGS.TS. Phạm Văn Dũng,1,0,0.0
Padma Venkatraman,1,0,0.0
Pam Grout,1,0,0.0
"Pam Grout, Hugh Macleod",1,0,0.0
Pamela Slim,1,0,0.0
Park Hannah,1,173,4.3
"Pascal Prévot, Art Grootfontein",1,34,5.0
Pat-a-Cake,1,29,5.0
Patricia Highsmith,1,0,0.0
Patrick Bet-David,4,71,2.45
Patrick Edblad,1,81,4.8
Patrick J. McGinnis,2,2,0.0
Patrick King,2,5537,4.55
Paul Allen,1,0,0.0
Paul Jarvis,2,135,2.35
"Paul Jarvis, Tim Draper",1,0,0.0
Paul Kalanithi,1,0,0.0
"Paul Krugman, Robin Wells",1,395,5.0
"Paul Tiffany, Steven D.Peterson, Colin Barrow",1,342,5.0
"Paula J. Becker, Jayneen Sanders",1,0,0.0
"Paulo Coelho, Robin Sharma, Jack Canfield & DD.Watkins",1,0,0.0
"Paulo Coelho, TS. David J. Lieberman, Rosie Nguyễn",1,3,0.0
Peak Learning,1,0,0.0
"Peg Dawson, Jake Knapp",1,0,0.0
Pegasus,1,14,0.0
Peter F. Drucker,4,149,2.45
Peter F.Drucker,2,0,0.0
Peter Hollins,3,279,3.233333333333333
"Peter Thiel - Blake Masters, Peter Thiel",1,56,5.0
Peter Worley,1,0,0.0
Phan Duy Nghĩa,1,3,0.0
"Phan Huy Bão, Cao Cự Giác,  Nguyễn Thị Thanh Mai",2,0,2.5
Phan Hồ Điệp,1,0,0.0
Phan Khắc Nghệ,3,11,1.6666666666666667
Phan Thị Thanh Nhàn,1,32,5.0
Phan Triều Hải,1,0,0.0
Phan Việt,1,1,0.0
Phan Văn Trường,1,2,0.0
Phi Tân,3,7,0.0
"Phi Tân, Đinh Ngọc Duy",1,36,5.0
"Phil Knight, Jim Collins",1,0,5.0
"Phil Knight, Jim Collins - Jerry I.Porras",1,0,0.0
"Phil Knight, Keith Ferrazzi & Tahl Raz",1,33,5.0
Philip A. Fisher,1,0,0.0
Philip Coggan,1,0,0.0
"Philip G.Zimbardo, Richard J.Gerrig",1,6,4.0
"Philip Kotler, Fernando Trias De Bes",1,0,0.0
Philip Short,1,0,0.0
Phillip Kerr,1,0,0.0
Phong Thu,4,0,0.0
"Phong Thu, Thu Trang, Bùi Xuân Quỳnh",2,5,0.0
Phát Dương,3,0,0.0
Phòng biên tập Tân Nhã,1,14,0.0
"Phùng Duy Tùng, Thu Ngân",1,29,5.0
Phùng Quán,3,3329,5.0
Phùng Văn Khai,2,4,2.5
Phương Uyên,1,1,0.0
Phạm Anh Tuấn,1,8,0.0
Phạm Huy Hoàng,2,1,0.0
Phạm Hồng,1,1,0.0
Phạm Hổ,2,69,2.5
"Phạm Hổ, Bùi Xuân Quỳnh",1,0,0.0
Phạm Khôi Nguyên,1,0,0.0
Phạm Ngọc Điệp,1,163,0.0
Phạm Quang Phúc,1,0,0.0
Phạm Thắng,1,13,5.0
Phạm Văn Bình,1,1,0.0
Phạm Văn Công,10,80,0.9
Phạm Đình Thực,1,2,0.0
"Phạm Đình Thực, Nguyễn Cam",1,5,0.0
Phạm Đức Cường,1,9,4.0
Piotr Feliks Grzywacz,1,136,5.0
Quan Hán Thành,3,77,4.333333333333333
Quyên Gavoye,1,0,0.0
Quán Như Vạn Lợi,1,0,0.0
Quý Tiểu Binh (Chủ Biên),1,13,5.0
Raymond Sheen - Amy Gallo,2,0,0.0
Rebeca Stead & Wendy Mass,1,41,5.0
"Renee Baron, Elizabeth Wagele",1,2,0.0
"Renee Baron, `",1,0,0.0
Richard J. Gerrig,1,0,0.0
Richard Koch,1,3,0.0
Richard Morgan,1,0,0.0
"Richard Nicholls,  Vãn Tình",1,17,0.0
"Richard Nicholls, Tống Mặc",1,194,4.8
Richard S.Tedlow,1,1,0.0
Richard Smitten,1,4417,5.0
Richard Snow,1,207,5.0
Richard Templar,2,3,0.0
Richard Wiseman,1,16,4.3
Rob Cross,1,7,0.0
"Rob Cross,  Karen Dillon",1,0,0.0
Robbie Kellman Baxter,1,2,0.0
Robert Alberti – Michael Emmons,1,0,0.0
Robert H. Frank,2,1,0.0
Robert Herjavec,5,67,1.0
Robert L. Heilbroner ,1,165,4.8
Robert T Kiyosaki,3,362,3.3333333333333335
Robert T. Kiyosaki – Sharon L. Lechter,1,1802,5.0
"Robert T. Kiyosaki, Tony Buổi Sáng",1,0,0.0
Robert T.Kiyosaki,1,12,5.0
Robert Winston,2,551,2.4
Robin Chase,1,68,5.0
"Robin Sharma, Kishimi Ichiro, Koga Fumitake",1,0,0.0
"Robin Sharma, Simon Sinek",1,15,5.0
"Ron Chernow, DANIEL YERGIN",1,0,0.0
Ron Gonen,1,0,0.0
"Rosie Greening, Stuart Lynch",1,2,5.0
Rosie Nguyễn,1,53,5.0
Ross Baird,7,24,0.0
Rudyard Kipling,2,3,0.0
Runkids,23,550,2.117391304347826
Rury Lee & Emanuele Bertossi,1,0,0.0
Ryu Hanbin,2,50,2.25
"Ryuichiro Nakao, Kazuhiro Okuda",1,0,0.0
Ryuu Shinohara,2,19,0.0
S. J. Scott,1,1,4.0
"S.J. Scott, Barrie Davenport",1,0,0.0
Sage Lavine,1,0,0.0
"Saint Exupéry, Saint-Exupéry, Antoine de Saint Exupéry, Antoine De Saint-Exupéry",1,0,0.0
Sandra Lebrun,1,39,0.0
Sanho,2,16,0.0
Sarah Duncan,2,125,2.5
Satoru Onishi,1,47,5.0
Saul Bellow,1,3,5.0
"Scott Adams, Bo Burlingham",1,4,0.0
Se-sil Kim,1,17,5.0
Sean Aiken,1,1,0.0
Sean Pillot de Chenecey,2,19,0.0
Selma Lagerlof,1,83,5.0
Seth Godin,1,1,0.0
"Seth Price Barry Feldman,  Robin Sharma",1,21,1.0
"Shannon Thomas, LCSW",1,16007,4.7
Sharon Bolton,1,2,0.0
Sharon Rentta,1,0,0.0
Sheri Riley,1,0,0.0
Shiga Naoya,1,23,0.0
Shimada Tsuyoshi,1,1,0.0
"Shimada Tsuyoshi, GLOBIS",2,49,2.4
Shirley Jackson,1,2,5.0
Shlomo Maital,5,2,0.0
Si Hussain,2,1,0.0
Siegfried Lenz,1,0,0.0
Simon Sinek,2,143,5.0
Song Hà,1,0,0.0
Soái Kiện Tường,2,60,2.25
Srewart D. Friedman,1,3,0.0
Stacy W.Kish,1,26,0.0
Starkids,2,38,2.5
Stefan H. Thomke,2,92,2.5
Stefan Zweig,1,0,0.0
Stella Cottrell,2,14,0.0
"Stephen J. Dubner, Steven D.Levitt",2,142,2.15
"Stephen J. Dubner, Steven D.Levitt, Eran Katz",1,12,4.8
"Stephen M.R. Covey, Grey Link, Rebecca R. Merrill",1,73,5.0
Stephen R.Covey,2,1,0.0
Steve Tighe,1,0,0.0
Steven S. Little,1,0,0.0
Stewart Blackburn,1,33,0.0
Stéphane Garnier,1,5,3.0
Sue Lloyd,1,0,0.0
Sunil Gupta,5,74,0.9
"Surman, Michael K.Brett",1,2,0.0
"Susan Verde, Peter H. Reynolds",1,154,5.0
"Sylvia Loehken, Tôn Khoa Diễm, Lý Quốc Kỳ",1,0,0.0
Sơn Khê,1,24,0.0
Sơn Tùng,2,4598,5.0
"Sỹ Hiếu,  Cloud Pillow",1,7,0.0
"TS Barry Fox, Arnold Fox",1,0,0.0
TS Phạm Văn Công,1,40,5.0
"TS Vũ Thế Hựu,  Nguyễn Khắc An,  Nguyễn Vĩnh Cận, ThS. Hoa Mạnh Tường",1,0,0.0
TS. Lê Hồng Nhật,7,441,0.6428571428571429
"TS. Lê Hồng Nhật, Adam M. Brandenburger - Barry J. Nalebuff",1,1,0.0
TS. Nguyễn Anh Tuấn,2,77,3.15
TS. Phạm Đi,1,0,0.0
TS. Trần Thị Kim Cương,2,0,0.0
"TS. Trần Trung Ninh (Chủ biên), Mai Văn Hưng (chủ biên), Nguyễn Văn Biên",1,0,0.0
TS. Tôn Sinh Thành,1,6,5.0
Takeshi Tone,1,0,0.0
"Tam Tam,  Lưu Tự Long,  Đinh Bằng",1,0,0.0
Tanya Kant,1,11,0.0
Tarun Khanna,1,6,5.0
"Team-kids, Han Nana",1,1577,4.8
Terry Deary,1,653,5.0
Terry Hershey,1,0,0.0
ThS Huỳnh Văn Út,1,0,0.0
ThS Trương Ngọc Thơi,1,1,0.0
ThS. Nguyễn Thị Thanh Hương,1,0,0.0
ThS. Đào Thị Hoàng Ly,2,4,0.0
"Thanh Hà, Cloud Pillow",5,77,2.0
Thanh Hào,1,20,5.0
Thanh Quế,2,11,2.5
Thanh Thư,1,2,0.0
"Thierry Robberecht,  Grégoire Mabire",1,9,5.0
Thiên Thanh,1,0,0.0
Thiền sư Gelong Thubten,1,0,0.0
Thomas Armstrong,2,1,0.0
"Thomas Erikson, Robyn Conley Downs",1,4,4.0
Thomas Harris,1,23,4.6
"Thomas Harris, Higashino Keigo",1,0,0.0
Thomas Sowell,1,1560,5.0
Ths. Cù Minh Nhật,3,103,2.6
Thy Ngọc,5,45,0.96
Thành Giáp,2,31,2.4
"Thành Đạt, Phạm Phương Anh",1,39,0.0
Thâm Tâm,5,0,0.0
Thôi Thôi,1,0,0.0
Thùy Cốm,1,30,4.0
Thùy Dương,1,2,0.0
Thùy Dương (biên soạn),3,4,0.0
Thùy Trang,3,6,1.3333333333333333
Thường Tiếu Dư,1,1,0.0
Thạch Lam,2,74,2.3
Thế Lữ,1,4,0.0
Thụy Anh,1,12,5.0
Tilman Fertitta,2,0,0.0
Tim Clark,1,5,0.0
Tim Clark - Alexander Osterwalder - Yves Pigneur,2,168,2.4
"Tim Clark,  Bruce Hazen,  Yves Pigneur,  Alan Smith,  Alex Osterwalder",1,0,0.0
"Tim Clark,  Yves Pigneur,  Bruce Hazen",1,59,5.0
"Tim Clark, Alexander Osterwalder,  Yves Pigneur",1,10,5.0
"Tim Clark, Bruce Hazen",3,32,1.5
Tim Draper,1,0,0.0
Timothy Ferriss,1,160,5.0
"Timothy Ferriss, Thomas C. Corley",1,6,0.0
"Tina Seelig, Nguyên Phong",1,2,0.0
Todd Burpo,2,0,4.0
Todd Henry,1,0,0.0
Tom Butler-Bowdon,6,5,0.0
Tom Gorman,1,0,0.0
Tom Ziglar,1,0,0.0
Toma Nguyễn,2,1,0.0
Tony Buzan,1,682,4.8
Tony Buổi Sáng,1,2,0.0
"Tony Buổi Sáng,  Miêu Công Tử",1,70,4.8
"Tony Buổi Sáng, Renee Mauborgne, Donald J. Trump",1,0,0.0
Tony Mitton,1,1,0.0
Toon Tellegen,1,275,5.0
Trang Anh,1,2,0.0
"Trang Anh,  Minh Trang",2,13,2.5
Tri Thức Việt,1,14,5.0
Triệu Văn Minh,2,57,2.5
True Fruit,10,548,4.5
Trung Sỹ,5,8,0.0
Trung Trung Đỉnh,2,0,0.0
Trung Tâm Nghiên Cứu Quốc Học,1,2,0.0
Trí Việt,1,60,5.0
Trúc Khê,1,0,0.0
Trương Chính (dịch),1,0,0.0
Trương Giảo Phi,2,0,0.0
Trương Hưởng,2,19,0.0
Trương Tiếu Hằng,1,18,4.7
Trần An,1,3,0.0
Trần Bác Nam,1,0,0.0
Trần Hoài Dương,6,140,1.6666666666666667
"Trần Huy, A Đông",1,0,0.0
Trần Mạnh Hảo,1,3,0.0
Trần Thanh Phong,1,17,5.0
Trần Thanh Địch,1,12,0.0
Trần Thiên Hương,2,17,2.5
Trần Thị Kim Cương,5,104,1.94
Trần Thị Phương Phương,3,14,1.2333333333333334
"Trần Thị Tuyết Mai,  Nguyễn Đức Vũ",1,0,0.0
"Trần Thị Yến (chủ biên),Lê Thị Thu Hiền",1,41,5.0
"Trần Thị Yến, Lê Thị Thu Hiền",1,2,0.0
Trần Thời,2,16,2.5
"Trần Trung Ninh,  TS Nguyễn Mậu Đức, Nguyễn Thị Mai",1,0,0.0
Trần Trường Minh,2,24,4.0
Trần Việt Trung,1,33,5.0
Trần Văn Phương,1,128,4.8
Trần Văn Thọ,1,102,5.0
Trần Văn Toàn,3,20,1.6666666666666667
Trần Vỹ,1,8,0.0
Trần Đăng Khoa,2,1,0.0
Trần Đức Niềm,1,1,0.0
"Trần Đức Niềm,  Ths Lê Thị Nguyên",1,0,0.0
"Trần Đức Niềm,  Ths Lê Thị Nguyên,  Trần Lê Thảo Linh",1,0,0.0
Trần Đức Tiến,1,0,0.0
"Trần Đức Tiến, Cao Xuân Sơn",1,1,0.0
"Trần Đức Tiến, Lạc An",1,0,0.0
Trịnh Diên Tuệ,9,252,2.5777777777777775
Trịnh Văn Bằng,11,219,1.3636363636363635
"Trọng Hiếu, Hoàng Long",1,0,0.0
Tào Bảo Ấn,1,14,0.0
Tào Văn Hiên,1,0,0.0
Tác giả Văn,2,11,2.5
Tâm Anh,1,3,4.0
Tô Hoài,17,1899,2.3529411764705883
Tôn Khoa Diễm,1,1,0.0
Tôn Nguyên Vĩ,1,87,5.0
"Tôn Thân, TS Huỳnh Ngọc Thanh, Nguyễn Vũ Thanh",1,1,0.0
Tôn Thảo Miên,1,8,0.0
"Tông Nghị, Trương Văn Dược",1,61,5.0
Tú Anh,1,15,0.0
Tú Mỡ,1,4,0.0
Tăng Bình - Ái Phương,2,9,1.5
Tạ Thị Thúy Anh,1,2,0.0
Tất Thắng,1,0,0.0
Tống Mặc,1,32,5.0
"Tống Đức Huy, Phạm Đức Cường, Phạm Văn Bình, Hồ Viết Thống, Hoàng Xuân Nhàn,  Nguyễn Hoàng Vũ ",1,2,0.0
Từ Lỗi Tuyên,1,0,0.0
Uyên Đào,1,0,0.0
"Uyên Đào, Chí Lập",1,40,0.0
Veechi Curtis,1,0,0.0
Viktor E. Frankl,1,1,0.0
Villiam J. Bennett,1,4,1.0
Vinh Kiu,1,0,0.0
Viết Linh,1,15,0.0
Việt An,9,1618,4.288888888888889
Việt Linh,1,1,5.0
Vãn Tình,1,172,4.8
"Vãn Tình, Richard Nicholls",1,7,5.0
Võ Hồng,2,2,0.0
Võ Quảng,6,138,0.8333333333333334
"Võ Quảng, Chu Linh Hoàng",1,60,5.0
"Võ Quảng, Thu Trang, NGART, Bùi Xuân Quỳnh",1,2,0.0
Võ Thị Xuân,1,11,4.5
Võ Xuân Tòng,1,1,0.0
Văn Thành Lê,1,12,0.0
"Vĩ Nhân, Liêu Trí Phong",1,5,0.0
Vũ Bích Ngọc,1,34,4.5
Vũ Bội Tuyền,1,0,0.0
Vũ Chí Hồng,1,63,0.0
Vũ Dương Huân,1,2,5.0
Vũ Dương Thúy Nga,1,5,0.0
Vũ Dương Thúy Ngà,1,1,0.0
Vũ Hùng,6,64,0.8333333333333334
Vũ Hữu Bình,1,292,4.6
Vũ Thanh Hoa,4,5,1.25
Vũ Thành Sơn,1,0,0.0
Vũ Trọng Phụng,4,70,3.325
Vũ Tú Nam,5,203,1.0
Vương Ngọc Yến,1,1,0.0
Vương Văn,1,908,0.0
W. Somerset Maugham,1,0,0.0
"W.Chan Kim, Renee Mauborgne",1,7,5.0
"Wada Hideki, Ryunosuke Koike",1,18,0.0
Wang Yu,1,0,0.0
Waseda Business School,1,0,0.0
Whitney Johnson,1,0,0.0
William Golding,3,5607,1.5999999999999999
William J. Bennett,3,27,2.5
William Joyce,1,0,0.0
"William Ury, Mark Goulston",1,0,0.0
Xiao Pin,1,14,0.0
Xuân Như Ý,1,0,0.0
Xuân Quỳnh,3,269,1.6666666666666667
Ye-sil Kim,1,193,5.0
Yi Ting Wu,1,4,5.0
Yosbook,7,254,4.214285714285714
Yuichi Kimura,1,8,0.0
Yuta Takahashi,1,2,0.0
Yuval Noah Harari,1,0,0.0
`,30,446,1.8766666666666665
"`, TS Huỳnh Lâm Anh Chương",1,44,4.7
nhieu tac gia,330,2029,0.7169696969696969
"Đoàn Công Tương, NGƯT Tăng Văn Dom, Đoàn Minh Nguyệt",1,2,0.0
Đoàn Giỏi,1,21,0.0
Đào Hải,1,0,0.0
Đào Thiên An,2,258,4.9
"Đào Thiên An, Việt An",1,156,5.0
Đào Thị Hoàng Ly,2,78,2.5
"Đào Thị Hoàng Ly, Lê Tuấn Anh, Lê Minh Quân",1,74,4.7
Đào Xuân Khương,1,0,0.0
Đăng Ngọc,2,10,2.5
"Đại Đăng, Hàn Mai Mai",1,22,0.0
Đạm Phương Nữ Sử,1,443,4.7
"Đạt lai Lạt Ma, Đức Đạt Lai Lạt Ma Thứ 14",1,15,5.0
Đặng Thúy (Biên soạn),2,1,0.0
Đặng Đức Thành,1,3,0.0
Định Hải,1,56,5.0
Đỗ Thị Thu Hà,1,20,5.0
Đỗ Xuân Thảo & Phan Thị Hồ Điệp,5,38,1.7399999999999998
Đỗ Đình Tấn,3,111,1.5333333333333332
Đức Anh,1,200,4.7
Đức Trí,1,22,0.0
Đức Đạt Lai Lạt Ma,1,7,5.0
